9c:50:ee:3f:91:c0,0
9c:50:ee:30:46:21,1
9c:50:ee:3f:7e:e0,3
9c:50:ee:3f:90:61,4
ac:4e:91:61:1f:81,5
9c:50:ee:30:3d:c0,140
a4:56:02:f0:35:c1,7
9c:50:ee:3f:9f:20,2
c2:9f:db:e9:97:7b,9
9c:50:ee:30:45:21,10
b0:75:d5:80:5c:8c,11
9c:50:ee:3f:98:c0,12
9c:50:ee:30:35:01,13
9c:50:ee:3f:7e:61,176
9c:50:ee:3f:9c:61,14
9c:50:ee:3f:8a:61,150
9c:50:ee:3f:8a:40,128
3c:46:d8:58:64:c9,180
4c:e6:76:64:df:00,97
9c:50:ee:30:42:21,16
9c:50:ee:3f:92:41,143
9c:50:ee:3f:8b:20,17
9c:50:ee:3f:74:80,18
9c:50:ee:3f:99:01,19
9c:50:ee:3f:92:81,20
9c:50:ee:30:43:01,22
9c:50:ee:3f:75:c1,23
9c:50:ee:30:39:e1,24
9c:50:ee:3f:8b:21,147
9c:50:ee:3f:91:20,25
9c:50:ee:3f:93:81,31
b0:75:d5:5f:d4:38,27
c2:75:d5:80:84:cd,28
9c:50:ee:3f:72:a0,30
ec:17:2f:4a:cf:fc,6
ac:4e:91:49:fc:c1,32
9c:50:ee:3f:99:c0,33
9c:50:ee:3f:76:40,35
9c:50:ee:3f:95:a1,8
9c:50:ee:3f:99:00,178
9c:50:ee:3f:8b:a1,179
9c:50:ee:3f:73:01,37
80:89:17:e8:e7:f8,38
9c:50:ee:3f:99:c1,39
9c:50:ee:3f:8d:a1,40
9c:50:ee:3f:7e:e1,41
9c:50:ee:3f:90:21,42
bc:85:56:78:5b:90,43
a8:58:40:59:a8:40,109
9c:50:ee:3f:a2:20,44
ac:4e:91:61:1f:e1,45
9c:50:ee:3f:91:c1,46
ac:4e:91:61:21:a1,47
dc:fe:18:58:fd:3a,48
9c:50:ee:3f:9e:61,50
9c:50:ee:3f:74:81,51
12:18:d6:95:93:1e,52
9c:50:ee:3f:91:e1,53
ac:4e:91:61:1f:c0,85
28:2c:b2:fd:07:b9,107
9c:50:ee:30:36:80,54
9c:50:ee:3f:9e:e0,56
9c:50:ee:30:39:e0,57
ac:4e:91:61:1f:c1,58
9c:50:ee:3f:73:00,60
9c:50:ee:3f:91:e0,61
ac:4e:91:61:21:61,62
9c:50:ee:30:36:81,64
9c:50:ee:30:45:61,65
d4:ee:07:01:9d:4e,155
9c:50:ee:3f:91:21,66
00:71:cc:2b:d0:7f,67
ac:4e:91:49:fb:a0,26
9c:50:ee:3f:9e:60,69
9c:50:ee:3f:89:81,70
9c:50:ee:30:45:c1,71
9c:50:ee:30:37:a1,72
ac:4e:91:61:1f:e0,118
9c:50:ee:3f:92:a0,73
ac:4e:91:61:20:a0,74
9c:50:ee:3f:9d:a0,75
9c:50:ee:30:30:c1,76
9c:50:ee:3f:84:a0,77
a4:56:02:f0:35:c3,79
9c:50:ee:3f:9d:a1,80
b0:75:d5:5f:d4:57,81
9c:50:ee:3f:a2:e1,83
9c:50:ee:30:45:20,84
9c:50:ee:3f:8d:20,86
a8:58:40:59:ab:e0,88
9c:50:ee:3f:71:80,89
6e:72:e7:3f:05:1e,90
9c:50:ee:3f:90:a1,91
38:46:08:c9:87:0c,49
a8:58:40:59:ac:80,92
9c:50:ee:30:31:20,93
9c:50:ee:30:3f:c1,94
4c:fa:ca:1f:41:40,82
9c:50:ee:3f:75:c0,95
cc:34:29:6d:f3:56,96
52:a5:89:79:19:ab,98
ac:4e:91:49:fd:41,99
9c:50:ee:3f:71:e1,100
0a:18:d6:95:93:1e,101
9c:50:ee:3f:93:80,15
9c:50:ee:3f:71:e0,102
bc:46:99:61:5b:78,103
9c:50:ee:3f:8b:a0,105
9c:50:ee:3f:a2:e0,108
8c:f2:28:27:62:84,106
9c:50:ee:3f:71:81,110
a8:58:40:59:ac:81,111
9c:50:ee:3f:93:a0,112
9c:50:ee:3f:73:20,113
ac:4e:91:61:1f:80,55
9c:50:ee:3f:91:60,114
9c:50:ee:30:38:c1,115
9c:50:ee:3f:a0:c1,116
9c:50:ee:3f:79:60,117
ac:4e:91:61:21:60,121
9c:50:ee:30:31:21,119
9c:50:ee:3f:9e:e1,120
9c:50:ee:3f:93:a1,122
b0:75:d5:5f:c5:37,123
9c:50:ee:3f:8a:21,124
00:34:cb:48:94:aa,125
9c:50:ee:3f:90:80,126
9c:50:ee:3f:91:61,127
9c:50:ee:30:45:60,129
9c:50:ee:30:46:20,130
9c:50:ee:3f:76:41,134
9c:50:ee:3f:90:81,132
ac:4e:91:49:fb:a1,135
9c:50:ee:3f:8a:20,136
9c:50:ee:3f:9e:a1,59
9c:50:ee:3f:90:20,137
90:72:40:16:ca:00,138
ac:4e:91:61:20:a1,139
9c:50:ee:3f:8a:60,21
9c:50:ee:3f:8f:e1,141
9c:50:ee:3f:9c:21,149
a8:58:40:59:b5:01,144
9c:50:ee:30:30:81,145
9c:50:ee:3f:90:a0,146
8c:ab:8e:13:aa:3c,154
00:1e:a8:08:bc:a3,148
ac:4e:91:49:fc:c0,151
9c:50:ee:3f:92:40,152
9c:50:ee:3f:92:80,163
ec:26:ca:d6:62:39,156
e2:75:d5:80:84:cd,181
9c:50:ee:3f:9c:a1,87
88:25:93:61:65:78,157
ac:4e:91:4b:eb:c0,158
9c:50:ee:3f:89:80,161
b0:75:d5:5f:c5:2f,160
78:eb:14:e7:2a:82,63
9c:50:ee:30:45:c0,194
ac:4e:91:4b:eb:c1,131
d4:b1:10:ac:62:41,162
9c:50:ee:3f:74:20,153
9c:50:ee:3f:a1:e1,164
9c:50:ee:3f:9c:60,133
9c:50:ee:3f:8b:01,29
b0:75:d5:80:84:cd,165
a8:15:4d:f5:f1:26,166
ac:4e:91:61:20:81,167
9c:50:ee:3f:9e:a0,168
9c:50:ee:3f:9c:a0,159
9c:50:ee:3f:95:a0,169
ac:4e:91:61:20:80,171
ac:4e:91:49:fd:40,196
9c:50:ee:30:42:20,172
9c:50:ee:3f:74:21,173
9c:50:ee:3f:8b:00,174
b0:75:d5:5f:d3:b1,175
9c:50:ee:3f:a1:e0,177
9c:50:ee:3f:90:60,104
9c:50:ee:3f:73:21,142
d8:c8:e9:52:da:60,182
c8:3a:35:49:60:44,183
0e:18:d6:95:93:1e,184
9c:50:ee:30:37:a0,185
b0:75:d5:5f:d4:3b,186
9c:50:ee:3f:8f:e0,170
ac:4e:91:61:21:81,187
9c:50:ee:3f:92:a1,188
9c:50:ee:30:34:00,189
9c:50:ee:30:30:80,190
9c:50:ee:3f:98:c1,191
9c:50:ee:3f:8d:21,192
9c:50:ee:30:30:c0,34
9c:50:ee:3f:7e:60,78
9c:50:ee:3f:79:61,193
ac:4e:91:61:21:80,195
9c:50:ee:3f:9f:21,68
a8:58:40:59:a8:41,197
9c:50:ee:3f:a2:21,198
d2:75:d5:80:84:cd,199
9c:50:ee:30:3f:c0,36
